<?xml version="1.0" encoding="UTF-8" standalone="yes"?>
<addon id="tools.compression.p7zip"
       name="compression.p7zip"
       version="7.0.1"
       provider-name="JoKeRzBoX">
  <requires>
    <import addon="os.libreelec.tv" version="7.0"/>
    <import addon="xbmc.python" version="2.1.0"/>

  </requires>
  <extension point="xbmc.service" library="default.py">
    <provides></provides>
  </extension>
  <extension point="xbmc.addon.metadata">
    <summary>p7zip is a port of 7za.exe for POSIX systems like Unix</summary>
    <description>
p7zip is a port of 7za.exe for POSIX systems like Unix
    </description>
    <disclaimer>
this is an unofficial addon. please don't ask for support in openelec forum / irc channel
    </disclaimer>
    <platform>all</platform>
  </extension>
</addon>
